is_free,mean,size
False,76.4865853315624,7517
True,72.88072053161866,1213
